name	awards	recs/0/year	recs/0/Angel	recs/0/Venture	recs/0/Crowd Fnd	recs/0/Prvt Eqty	recs/0/Series A	recs/0/Series B	recs/0/Series C+	recs/0/Other	recs/1/year	recs/1/Angel	recs/1/Venture	recs/1/Crowd Fnd	recs/1/Prvt Eqty	recs/1/Series A	recs/1/Series B	recs/1/Series C+	recs/1/Other	recs/2/year	recs/2/Angel	recs/2/Venture	recs/2/Crowd Fnd	recs/2/Prvt Eqty	recs/2/Series A	recs/2/Series B	recs/2/Series C+	recs/2/Other	recs/3/year	recs/3/Angel	recs/3/Venture	recs/3/Crowd Fnd	recs/3/Prvt Eqty	recs/3/Series A	recs/3/Series B	recs/3/Series C+	recs/3/Other	recs/4/year	recs/4/Angel	recs/4/Venture	recs/4/Crowd Fnd	recs/4/Prvt Eqty	recs/4/Series A	recs/4/Series B	recs/4/Series C+	recs/4/Other	recs/5/year	recs/5/Angel	recs/5/Venture	recs/5/Crowd Fnd	recs/5/Prvt Eqty	recs/5/Series A	recs/5/Series B	recs/5/Series C+	recs/5/Other	recs/6/year	recs/6/Angel	recs/6/Venture	recs/6/Crowd Fnd	recs/6/Prvt Eqty	recs/6/Series A	recs/6/Series B	recs/6/Series C+	recs/6/Other	recs/7/year	recs/7/Angel	recs/7/Venture	recs/7/Crowd Fnd	recs/7/Prvt Eqty	recs/7/Series A	recs/7/Series B	recs/7/Series C+	recs/7/Other	recs/8/year	recs/8/Angel	recs/8/Venture	recs/8/Crowd Fnd	recs/8/Prvt Eqty	recs/8/Series A	recs/8/Series B	recs/8/Series C+	recs/8/Other	recs/9/year	recs/9/Angel	recs/9/Venture	recs/9/Crowd Fnd	recs/9/Prvt Eqty	recs/9/Series A	recs/9/Series B	recs/9/Series C+	recs/9/Other
Sequoia Capital	620	2004	0	0	0	0	4	3	3	0	2005	0	1	0	0	12	4	16	0	2006	1	11	0	1	34	17	8	0	2007	0	5	0	1	15	30	20	0	2008	2	10	0	0	13	15	18	0	2009	2	10	0	1	16	12	14	0	2010	0	15	0	0	20	17	24	1	2011	4	13	0	0	30	26	22	0	2012	0	14	0	2	17	9	19	0	2013	2	16	0	5	19	23	23	0
Intel Capital	537	2004	0	1	0	0	1	4	0	0	2005	0	5	0	1	6	17	11	0	2006	0	16	0	0	9	18	20	0	2007	1	9	0	1	9	20	23	0	2008	1	18	0	1	12	7	16	0	2009	0	19	0	0	5	9	15	1	2010	0	25	0	0	9	8	16	0	2011	0	22	0	2	10	8	23	0	2012	3	20	0	2	9	9	15	0	2013	3	21	0	3	15	19	19	0
Y Combinator	503	2005	8	0	0	0	0	0	0	0	2006	18	0	0	0	0	0	0	0	2007	33	0	0	0	0	0	0	0	2008	39	1	0	0	0	0	0	0	2009	37	2	0	0	0	0	0	0	2010	52	0	0	0	1	0	0	0	2011	69	8	0	0	5	0	0	1	2012	108	5	0	0	23	0	0	1	2013	79	1	0	0	12	0	0	0									
New Enterprise Associates	501	2004	1	1	0	0	2	0	1	0	2005	0	2	0	0	7	7	9	1	2006	0	6	0	0	7	11	12	0	2007	1	7	0	0	10	12	17	0	2008	0	6	0	1	12	14	13	0	2009	1	6	0	1	8	15	18	1	2010	0	4	0	1	9	5	17	1	2011	3	9	0	5	11	22	22	0	2012	7	30	0	3	23	11	29	2	2013	6	11	0	4	21	14	20	1
SV Angel	482	2004	0	1	0	0	0	0	0	0	2005	1	0	0	0	5	1	0	0	2006	11	0	0	0	9	3	1	0	2007	6	0	0	0	13	3	0	0	2008	4	0	0	0	6	1	0	0	2009	13	4	0	0	16	2	0	0	2010	32	3	0	0	31	10	0	0	2011	47	12	0	0	48	7	3	2	2012	56	15	0	0	43	0	4	1	2013	17	5	0	0	43	3	0	0
Accel Partners	473	2004	0	2	0	0	0	0	0	0	2005	0	5	0	0	8	12	6	0	2006	0	6	0	0	11	13	15	0	2007	2	8	0	0	6	13	13	0	2008	1	8	0	1	9	10	17	0	2009	0	6	0	0	8	12	10	0	2010	5	11	0	1	13	11	15	2	2011	5	14	0	0	21	18	9	1	2012	4	18	0	3	26	11	19	0	2013	2	7	0	2	18	17	18	0
Kleiner Perkins Caufield & Byers	464	2004	0	1	0	0	0	1	1	0	2005	1	3	0	0	10	8	4	0	2006	0	8	0	0	10	12	9	0	2007	0	5	0	0	5	9	8	0	2008	0	3	0	1	7	11	15	0	2009	0	11	0	1	5	14	14	1	2010	2	6	0	1	10	13	17	1	2011	3	13	0	10	11	14	25	0	2012	4	18	0	10	16	9	25	2	2013	4	8	0	3	18	13	27	3
Draper Fisher Jurvetson (DFJ)	460	2004	0	0	0	0	2	3	2	0	2005	0	1	0	1	12	15	9	0	2006	0	4	0	1	13	11	19	0	2007	0	4	0	0	14	16	7	0	2008	4	9	0	0	21	18	18	0	2009	1	16	0	0	14	6	16	2	2010	1	10	0	1	4	9	17	1	2011	5	10	0	0	6	4	9	0	2012	3	37	0	1	6	4	15	0	2013	1	17	0	3	10	10	16	1
500 Startups	382	2010	31	4	0	0	11	2	0	0	2011	69	8	0	0	17	1	0	0	2012	63	10	0	0	33	2	1	0	2013	73	10	0	0	44	3	0	0																																																						
First Round Capital	363	2005	4	0	0	0	5	0	0	0	2006	3	0	0	0	10	4	1	0	2007	4	1	0	0	17	2	1	0	2008	7	0	0	0	8	9	3	0	2009	5	4	0	0	18	10	4	1	2010	13	4	0	0	29	3	8	0	2011	8	2	0	0	32	21	4	0	2012	8	9	0	0	29	2	7	0	2013	8	6	0	0	31	9	9	0									
Greylock Partners	311	2004	0	0	0	0	0	1	0	0	2005	0	3	0	0	7	3	6	0	2006	0	6	0	0	6	8	10	0	2007	0	1	0	0	10	7	3	0	2008	1	4	0	0	7	9	9	1	2009	0	5	0	1	3	7	7	0	2010	3	7	0	0	8	6	5	0	2011	5	6	0	0	9	12	11	1	2012	11	6	0	2	14	8	17	0	2013	8	7	0	0	13	13	14	0
Techstars	310	2007	10	0	0	0	0	0	0	0	2008	10	0	0	0	0	0	0	0	2009	19	1	0	0	0	0	0	0	2010	27	1	0	0	3	0	0	0	2011	63	0	0	0	2	0	0	1	2012	72	1	0	0	2	1	0	1	2013	90	1	0	0	4	0	0	1																											
Index Ventures	296	2004	1	0	0	0	2	1	1	0	2005	0	0	0	0	4	6	1	0	2006	1	4	0	0	11	4	1	0	2007	0	3	0	0	9	7	1	0	2008	1	3	0	0	4	9	3	0	2009	0	0	0	0	5	5	3	0	2010	3	7	0	0	11	8	5	0	2011	6	6	0	2	18	13	6	0	2012	9	13	0	0	10	14	10	0	2013	6	11	0	1	21	11	15	0
Benchmark	292	2004	0	1	0	0	2	0	2	0	2005	0	2	0	0	8	9	6	0	2006	0	7	0	0	8	13	11	0	2007	0	1	0	0	11	9	8	0	2008	0	3	0	0	12	16	10	0	2009	0	0	0	0	5	8	12	0	2010	0	3	0	0	4	6	12	1	2011	1	6	0	0	9	7	13	1	2012	2	7	0	0	8	7	9	0	2013	0	5	0	3	4	7	13	0
Lightspeed Venture Partners	285	2005	0	4	0	0	5	3	2	0	2006	0	4	0	0	4	7	2	0	2007	1	2	0	0	11	10	5	0	2008	1	3	0	0	6	6	8	0	2009	0	0	0	0	4	4	9	0	2010	1	4	0	0	8	5	9	0	2011	1	6	0	1	9	14	17	1	2012	3	10	0	3	20	6	17	0	2013	2	4	0	3	14	16	10	0									
Bessemer Venture Partners	277	2004	0	0	0	0	1	0	3	0	2005	1	3	0	0	5	3	7	0	2006	0	2	0	0	4	8	4	0	2007	1	1	0	0	8	9	10	0	2008	0	2	0	1	4	6	7	0	2009	1	3	0	0	6	8	11	0	2010	3	2	0	0	8	5	10	1	2011	0	6	0	0	7	11	15	0	2012	4	8	0	1	6	6	9	1	2013	4	7	0	3	14	9	17	1
Andreessen Horowitz	247	2009	0	0	0	0	5	2	0	1	2010	8	2	0	0	7	3	2	0	2011	6	8	0	0	19	11	8	1	2012	10	15	0	2	25	9	9	0	2013	17	7	0	1	41	13	13	2																																													
Redpoint Ventures	246	2004	0	0	0	0	2	2	1	0	2005	0	2	0	0	6	4	7	0	2006	0	1	0	0	6	7	15	0	2007	0	4	0	0	9	5	7	0	2008	0	0	0	0	7	5	7	1	2009	1	1	0	0	5	5	5	0	2010	1	4	0	0	7	7	6	0	2011	2	5	0	0	7	12	10	0	2012	2	4	0	0	9	5	12	0	2013	2	2	0	2	14	8	10	0
General Catalyst Partners	244	2004	0	1	0	0	2	1	0	0	2005	0	0	0	0	2	6	2	0	2006	0	1	0	1	5	5	3	0	2007	0	0	0	0	11	5	6	0	2008	0	5	0	1	8	6	9	0	2009	0	0	0	0	7	5	7	0	2010	1	2	0	0	5	4	5	0	2011	9	7	0	1	12	4	6	0	2012	6	11	0	0	16	7	6	0	2013	5	3	0	2	20	7	5	1
Khosla Ventures	242	2004	0	0	0	0	1	0	0	0	2006	0	3	0	0	3	2	1	0	2007	1	1	0	0	12	12	1	0	2008	0	7	0	0	4	9	11	0	2009	0	5	0	0	6	3	5	0	2010	0	3	0	1	2	10	12	1	2011	1	1	0	1	8	11	3	0	2012	3	7	0	2	15	8	12	1	2013	3	2	0	5	20	15	7	1									
Menlo Ventures	238	2004	0	0	0	0	1	3	0	0	2005	0	2	0	0	1	6	6	0	2006	0	3	0	0	6	11	6	0	2007	0	4	0	0	6	7	15	0	2008	0	6	0	0	4	6	6	0	2009	0	5	0	0	1	4	11	0	2010	0	6	0	0	3	7	9	1	2011	2	3	0	0	7	7	5	0	2012	2	5	0	1	7	7	9	0	2013	6	3	0	2	12	1	11	2
Battery Ventures	237	2004	0	0	0	0	1	0	0	0	2005	1	0	0	0	1	5	8	0	2006	0	0	0	1	2	2	1	0	2007	0	4	0	1	7	1	4	0	2008	1	1	0	1	7	9	1	0	2009	1	1	0	1	4	1	4	1	2010	2	4	0	0	9	6	6	0	2011	2	2	0	1	14	8	7	0	2012	1	13	0	1	22	6	14	0	2013	2	6	0	0	14	13	12	0
Venrock	233	2004	0	1	0	0	1	0	1	0	2005	0	4	0	0	6	2	6	0	2006	0	8	0	0	8	8	7	0	2007	1	4	0	0	7	10	8	0	2008	0	5	0	0	9	8	10	0	2009	1	6	0	0	6	6	7	0	2010	0	6	0	0	4	5	10	1	2011	0	5	0	0	3	6	6	0	2012	0	7	0	1	5	2	5	1	2013	0	5	0	2	5	3	11	0
Canaan Partners	230	2004	0	0	0	0	1	1	3	0	2005	0	1	0	0	4	5	8	0	2006	0	3	0	0	6	3	8	0	2007	0	2	0	1	5	9	11	0	2008	0	5	0	1	2	8	4	0	2009	0	1	0	0	3	5	16	1	2010	2	2	0	0	7	6	12	0	2011	0	1	0	0	4	3	8	0	2012	0	14	0	1	7	7	10	1	2013	0	2	0	2	11	10	3	0
Google Ventures	230	2007	0	0	0	0	0	1	0	0	2009	2	0	0	1	2	0	0	0	2010	5	5	0	0	3	5	3	0	2011	14	5	0	0	13	7	9	0	2012	17	14	0	0	32	4	9	2	2013	14	5	0	2	38	11	7	0																																				
Highland Capital Partners	227	2004	0	0	0	0	3	1	0	0	2005	0	2	0	0	4	6	2	0	2006	0	5	0	0	3	6	4	0	2007	1	3	0	0	8	9	8	0	2008	0	1	0	1	4	5	6	0	2009	0	4	0	0	7	7	10	0	2010	1	5	0	0	4	10	4	2	2011	1	5	0	1	10	6	6	0	2012	3	6	0	0	7	4	9	1	2013	1	3	0	2	12	6	8	0
US Venture Partners	223	2004	1	1	0	0	0	1	0	0	2005	0	3	0	0	5	4	14	0	2006	0	4	0	0	4	7	10	0	2007	0	4	0	0	4	9	8	0	2008	0	5	0	0	6	9	7	0	2009	0	6	0	0	1	4	6	0	2010	0	4	0	0	7	6	7	0	2011	0	2	0	1	4	4	7	0	2012	0	11	0	0	3	5	12	0	2013	0	5	0	4	5	3	10	0
True Ventures	220	2005	0	0	0	0	3	0	0	0	2006	2	0	0	0	4	1	0	0	2007	2	1	0	0	6	1	0	0	2008	2	0	0	0	8	3	2	0	2009	5	2	0	0	14	2	1	0	2010	8	3	0	0	12	8	2	0	2011	7	4	0	0	18	7	4	0	2012	8	12	0	0	16	4	2	0	2013	6	10	0	1	13	9	5	2									
Atlas Venture	220	2004	0	0	0	0	2	1	0	0	2005	0	3	0	0	6	5	3	0	2006	0	5	0	0	8	8	1	0	2007	0	1	0	0	6	6	8	0	2008	0	0	0	1	1	4	7	0	2009	1	2	0	0	4	2	9	0	2010	2	4	0	1	0	5	3	0	2011	5	5	0	0	9	0	4	0	2012	8	8	0	0	15	5	6	2	2013	11	2	0	0	24	5	2	0
Charles River Ventures	218	2004	0	0	0	0	0	0	1	0	2005	0	0	0	0	3	1	6	0	2006	0	5	0	0	5	4	2	0	2007	3	3	0	1	8	6	3	0	2008	1	2	0	1	4	8	6	0	2009	0	1	0	0	7	5	6	1	2010	5	5	0	0	10	4	6	0	2011	14	5	0	0	10	3	4	0	2012	6	5	0	1	9	8	4	0	2013	1	4	0	0	14	3	4	0
IDG Capital Partners	218	2004	0	4	0	0	10	0	0	0	2005	0	1	0	0	8	11	2	0	2006	1	4	0	1	11	8	3	0	2007	0	8	0	0	14	10	4	0	2008	0	2	0	0	4	6	10	0	2009	0	0	0	1	4	2	0	0	2010	1	5	0	0	6	5	5	0	2011	1	7	0	0	16	6	3	0	2012	1	0	0	0	6	6	2	0	2013	0	1	0	0	12	4	2	0
Norwest Venture Partners	217	2004	0	0	0	0	0	1	0	0	2005	0	4	0	0	6	1	3	0	2006	0	8	0	0	3	6	5	0	2007	0	4	0	0	8	1	8	0	2008	0	1	0	0	5	9	5	0	2009	0	2	0	0	4	7	4	0	2010	0	4	0	0	2	8	9	0	2011	0	7	0	0	6	7	10	0	2012	0	9	0	0	4	1	20	0	2013	2	5	0	3	3	10	11	1
Polaris Partners	213	2004	0	0	0	0	3	2	0	0	2005	0	5	0	0	2	8	3	0	2006	0	7	0	1	2	9	5	0	2007	0	0	0	0	4	7	7	0	2008	0	3	0	0	9	8	7	0	2009	0	1	0	0	6	6	8	0	2010	2	7	0	0	4	6	12	2	2011	2	2	0	0	7	4	5	0	2012	2	8	0	1	9	1	5	0	2013	0	1	0	1	9	3	7	0
Matrix Partners	208	2004	0	0	0	0	1	1	0	0	2005	0	2	0	0	1	4	5	0	2006	0	4	0	0	5	5	3	0	2007	0	3	0	0	7	5	9	0	2008	0	3	0	0	3	7	2	0	2009	0	0	0	0	3	8	4	0	2010	0	2	0	0	6	7	3	0	2011	5	5	0	0	2	6	7	1	2012	2	4	0	0	14	7	13	0	2013	5	3	0	0	12	13	6	0
RRE Ventures	201	2004	0	0	0	0	1	4	0	0	2005	0	2	0	0	3	4	4	0	2006	0	4	0	0	1	6	4	0	2007	0	1	0	0	3	3	5	0	2008	1	2	0	0	7	6	5	0	2009	0	1	0	0	2	1	4	0	2010	12	2	0	0	10	4	4	0	2011	5	3	0	0	13	6	2	0	2012	7	3	0	0	10	3	5	0	2013	6	3	0	0	16	6	7	0
Sigma Partners	196	2004	0	0	0	0	0	1	1	0	2005	0	5	0	0	3	3	7	0	2006	0	1	0	0	7	9	6	0	2007	1	3	0	0	6	7	8	0	2008	0	7	0	0	3	12	12	0	2009	0	6	0	0	5	3	4	2	2010	0	8	0	0	0	5	7	1	2011	0	3	0	0	2	3	9	0	2012	1	9	0	1	0	1	10	0	2013	0	3	0	2	0	3	6	0
Foundation Capital	195	2004	0	1	0	0	0	0	0	0	2005	0	2	0	0	3	4	8	0	2006	0	2	0	0	3	6	2	0	2007	0	8	0	0	3	4	8	0	2008	0	4	0	0	9	4	12	0	2009	1	4	0	1	1	4	7	1	2010	0	3	0	0	0	4	13	0	2011	1	1	0	0	6	1	6	0	2012	1	9	0	3	6	3	6	0	2013	2	4	0	1	4	8	8	3
Mayfield Fund	192	2004	0	0	0	0	3	2	0	0	2005	0	1	0	0	8	8	8	0	2006	0	4	0	0	2	8	6	0	2007	0	4	0	0	5	9	8	0	2008	0	1	0	0	0	10	10	0	2009	0	5	0	0	0	5	5	1	2010	1	3	0	1	2	2	7	0	2011	0	1	0	0	7	2	8	0	2012	1	2	0	0	5	3	5	0	2013	0	1	0	0	11	9	8	0
North Bridge Venture Partners	189	2004	0	0	0	0	1	1	1	0	2005	0	3	0	0	7	4	2	0	2006	0	1	0	0	3	7	4	0	2007	0	2	0	1	7	5	10	0	2008	0	2	0	1	6	5	5	0	2009	0	6	0	0	5	8	3	0	2010	1	5	0	1	6	8	6	2	2011	0	5	0	0	1	7	11	0	2012	2	5	0	0	4	6	5	0	2013	1	2	0	0	3	1	7	0
Trinity Ventures	184	2004	0	0	0	0	2	0	0	0	2005	0	2	0	0	4	4	1	0	2006	0	3	0	0	5	8	2	0	2007	0	0	0	0	3	6	4	0	2008	0	1	0	0	6	6	4	0	2009	0	2	0	0	1	5	4	0	2010	2	5	0	0	6	6	3	1	2011	4	4	0	0	5	9	4	1	2012	2	6	0	1	10	2	8	0	2013	2	3	0	3	13	7	4	0
High-Tech Gruenderfonds	173	2005	0	1	0	0	0	0	0	0	2006	3	13	0	0	6	0	0	0	2007	6	3	0	0	2	0	0	0	2008	4	3	0	0	3	0	1	0	2009	5	5	0	0	1	1	0	0	2010	5	10	0	0	3	5	1	0	2011	4	16	0	0	4	3	1	0	2012	6	14	0	0	5	3	0	0	2013	11	14	0	0	11	0	0	0									
InterWest Partners	173	2005	0	1	0	0	1	3	5	0	2006	0	1	0	0	5	5	4	0	2007	0	2	0	0	4	4	7	0	2008	0	3	0	0	3	6	5	0	2009	0	2	0	0	7	6	6	0	2010	0	3	0	0	1	3	8	1	2011	2	1	0	0	4	6	10	0	2012	5	5	0	1	4	2	6	0	2013	2	6	0	2	7	4	9	1									
DAG Ventures	169	2004	0	0	0	0	0	1	0	0	2005	0	0	0	0	1	0	0	0	2006	0	2	0	0	0	4	6	0	2007	0	4	0	0	0	5	15	0	2008	0	2	0	0	0	4	17	0	2009	0	3	0	0	1	5	15	0	2010	0	2	0	0	0	2	14	2	2011	0	4	0	3	0	5	12	0	2012	0	4	0	3	0	1	13	1	2013	0	1	0	1	2	5	8	1
Mohr Davidow Ventures	168	2005	0	0	0	0	4	2	5	0	2006	0	1	0	0	1	4	4	0	2007	0	3	0	0	10	6	3	0	2008	0	4	0	0	3	7	4	0	2009	0	3	0	0	3	4	9	1	2010	1	3	0	0	1	3	7	0	2011	1	3	0	1	6	6	10	1	2012	2	8	0	7	3	1	6	0	2013	3	1	0	1	5	4	3	0									
Founder Collective	167	2007	1	0	0	0	0	0	0	0	2008	1	0	0	0	2	0	0	0	2009	10	0	0	0	4	0	0	0	2010	23	2	0	0	22	3	0	0	2011	11	5	0	0	19	2	0	1	2012	6	4	0	0	19	0	0	1	2013	10	1	0	0	18	1	1	0																											
Austin Ventures	166	2004	0	0	0	0	3	1	1	0	2005	0	2	0	0	5	7	9	0	2006	0	2	0	0	7	6	5	0	2007	1	1	0	1	6	7	11	0	2008	0	4	0	0	2	4	3	0	2009	1	6	0	0	2	4	2	0	2010	0	5	0	0	7	2	4	0	2011	0	4	0	0	4	3	3	0	2012	1	4	0	0	6	5	2	0	2013	0	3	0	0	7	1	2	0
Lerer Ventures	165	2009	1	0	0	0	1	0	0	0	2010	12	0	0	0	14	1	0	0	2011	10	4	0	0	22	3	0	0	2012	15	10	0	0	21	2	2	1	2013	8	4	1	1	27	3	2	0																																													
Oak Investment Partners	163	2005	0	4	0	1	3	5	5	0	2006	0	8	0	3	4	4	8	0	2007	0	2	0	2	4	2	7	0	2008	0	6	0	0	1	6	9	0	2009	0	3	0	0	0	2	6	0	2010	0	2	0	0	0	1	5	2	2011	0	7	0	2	0	4	6	0	2012	1	4	0	4	5	2	3	0	2013	0	2	0	6	4	3	3	2									
Felicis Ventures	162	2006	5	1	0	0	2	0	0	0	2007	1	0	0	0	6	2	0	0	2008	4	0	0	0	3	2	0	0	2009	4	0	0	0	4	0	2	0	2010	7	3	0	0	15	1	0	0	2011	7	5	0	0	16	9	0	0	2012	4	5	0	0	17	4	2	0	2013	2	6	0	0	13	5	5	0																		
BDC Venture Capital	161	2004	0	0	0	0	1	0	0	0	2005	0	4	0	0	7	6	4	0	2006	0	8	0	0	5	5	7	1	2007	0	7	0	0	2	6	5	1	2008	0	2	0	0	2	5	1	0	2009	0	2	0	0	1	1	3	0	2010	2	4	0	0	3	1	2	0	2011	2	1	0	0	0	2	0	2	2012	8	9	0	0	3	3	0	0	2013	14	9	0	1	4	3	2	0
DCM	160	2004	0	0	0	0	1	0	0	0	2005	0	1	0	0	5	2	7	0	2006	0	3	0	0	2	4	4	0	2007	0	2	0	0	6	4	6	0	2008	0	2	0	0	1	4	7	0	2009	0	4	0	0	2	4	3	0	2010	0	5	0	1	5	2	5	0	2011	1	5	0	0	8	7	3	0	2012	0	6	0	0	7	4	2	0	2013	1	1	0	1	9	8	4	1
Ignition Partners	154	2004	0	0	0	0	1	0	0	0	2005	0	0	0	0	6	4	0	0	2006	0	4	0	0	2	5	3	0	2007	0	2	0	0	6	4	4	0	2008	0	1	0	0	1	8	5	0	2009	0	2	0	1	5	2	5	0	2010	0	4	0	0	1	2	3	0	2011	4	2	0	0	13	5	9	0	2012	3	3	0	0	4	7	6	0	2013	2	1	0	0	4	4	5	1
Shasta Ventures	149	2005	0	0	0	0	4	3	0	0	2006	0	0	0	0	3	1	1	0	2007	0	0	0	0	11	4	1	0	2008	1	0	0	0	9	11	4	0	2009	0	3	0	0	3	4	3	0	2010	0	1	0	0	4	5	5	0	2011	2	1	0	0	5	7	3	0	2012	3	1	0	1	7	5	8	0	2013	2	5	0	0	6	7	5	0									
Goldman Sachs	148	2005	0	0	0	1	2	2	7	0	2006	0	7	0	0	0	4	8	0	2007	0	5	0	4	3	6	6	0	2008	0	5	0	1	2	5	10	1	2009	0	3	0	0	1	1	4	0	2010	0	2	0	1	0	2	2	1	2011	0	6	0	3	2	3	2	0	2012	0	7	0	2	1	2	6	1	2013	0	2	0	5	1	1	6	2									
SoftTech VC	141	2007	2	0	0	0	1	0	0	0	2008	8	1	0	0	11	4	0	0	2009	6	0	0	0	10	4	0	0	2010	11	0	0	0	13	1	0	1	2011	7	2	0	0	8	3	2	0	2012	6	4	0	0	13	2	2	1	2013	2	1	0	0	14	0	1	0																											
FLOODGATE	139	2005	0	0	0	0	2	0	0	0	2006	0	0	0	0	3	0	0	0	2007	2	0	0	0	4	0	0	0	2008	3	0	0	0	4	2	1	0	2009	3	1	0	0	10	4	0	0	2010	6	1	0	0	10	3	1	0	2011	0	3	0	0	12	6	4	0	2012	4	4	0	0	14	3	1	1	2013	3	3	0	0	12	5	4	0									
BoxGroup	138	2008	1	0	0	0	1	0	0	0	2010	8	0	0	0	5	0	0	0	2011	12	1	0	0	17	2	0	0	2012	14	1	0	0	22	2	0	0	2013	19	1	1	0	29	2	0	0																																													
Union Square Ventures	133	2005	1	0	0	0	1	0	0	0	2006	0	1	0	0	2	0	1	0	2007	1	0	0	0	7	1	2	0	2008	2	0	0	0	10	6	4	0	2009	2	1	0	0	3	3	2	0	2010	0	2	0	0	6	5	5	0	2011	0	4	0	0	7	5	9	0	2012	0	1	0	0	1	9	5	0	2013	0	2	0	0	8	6	7	1									
Founders Fund	133	2005	0	0	0	0	0	1	0	0	2006	0	0	0	0	1	2	1	0	2007	1	0	0	0	5	1	2	0	2008	0	1	0	0	5	5	1	0	2009	1	0	0	0	5	0	3	0	2010	5	1	0	0	4	2	6	1	2011	2	4	0	0	6	4	4	1	2012	6	3	0	0	9	2	6	0	2013	4	3	0	2	17	5	1	0									
Morgenthaler Ventures	133	2004	0	0	0	0	3	0	0	0	2005	0	0	0	0	2	1	10	0	2006	0	3	0	0	3	2	5	0	2007	0	0	0	0	4	5	5	0	2008	0	3	0	0	3	4	1	0	2009	0	2	0	0	2	5	4	1	2010	0	3	0	0	1	2	3	0	2011	0	4	0	0	2	2	2	0	2012	0	11	0	1	2	4	9	0	2013	0	4	0	2	6	1	6	0
Spark Capital	131	2006	0	2	0	0	2	2	0	0	2007	0	1	0	0	4	3	1	0	2008	0	0	0	0	5	5	6	0	2009	0	1	0	0	2	4	5	0	2010	4	2	0	0	5	1	3	0	2011	2	3	0	0	9	8	4	0	2012	1	5	0	0	6	1	1	0	2013	0	1	0	0	20	8	3	1																		
Greycroft Partners	129	2006	0	0	0	0	1	1	0	0	2007	0	0	0	0	5	4	2	0	2008	1	1	0	0	10	3	2	0	2009	0	0	0	0	4	2	0	0	2010	2	0	0	0	9	5	2	0	2011	0	1	0	0	7	4	1	0	2012	1	8	0	0	12	6	5	0	2013	1	2	0	1	16	6	4	0																		
Crosslink Capital	126	2005	0	1	0	0	1	1	6	0	2006	0	3	0	0	1	0	3	0	2007	0	3	0	0	0	2	2	0	2008	0	0	0	0	2	2	4	0	2009	0	1	0	0	0	0	3	0	2010	0	2	0	0	0	2	5	0	2011	3	4	0	1	5	4	7	0	2012	3	7	0	1	8	2	13	0	2013	2	6	0	0	9	1	6	0									
Startupbootcamp	126	2010	10	0	0	0	0	0	0	0	2011	10	0	0	0	0	0	0	0	2012	42	0	0	0	0	0	0	0	2013	64	0	0	0	0	0	0	0																																																						
Oxford Capital Partners	126	2004	0	6	0	0	0	0	0	0	2005	0	12	0	0	1	0	0	0	2006	0	14	0	0	0	0	0	0	2007	0	12	0	0	0	0	0	0	2008	0	15	0	0	0	0	0	0	2009	0	14	0	0	0	0	0	0	2010	0	15	0	0	0	2	0	0	2011	0	14	0	0	0	0	0	0	2012	0	12	0	0	0	0	0	0	2013	0	8	0	0	0	1	0	0
Balderton Capital	125	2004	0	0	0	0	1	0	0	0	2005	0	5	0	0	1	1	0	0	2006	0	2	0	0	3	2	0	0	2007	0	6	0	0	5	3	3	0	2008	1	7	0	2	3	1	1	1	2009	0	5	0	0	1	3	4	0	2010	0	7	0	1	4	1	4	0	2011	0	5	0	0	1	3	4	1	2012	5	7	0	0	2	0	6	0	2013	3	2	0	0	6	0	2	0
VantagePoint Capital Partners	125	2004	0	1	0	0	1	3	0	0	2005	0	2	0	1	0	1	5	0	2006	0	4	0	1	6	4	7	0	2007	0	1	0	0	5	2	7	0	2008	0	1	0	0	1	3	7	0	2009	0	1	0	0	4	0	4	0	2010	0	2	0	1	0	6	7	0	2011	0	2	0	0	3	3	4	0	2012	1	4	0	1	2	3	5	1	2013	0	5	0	0	0	0	3	0
SoftBank Capital	122	2004	0	0	0	1	1	0	1	0	2005	0	2	0	0	3	0	0	0	2006	0	0	0	0	3	2	3	0	2007	0	1	0	0	1	8	4	0	2008	0	2	0	1	4	4	3	0	2009	1	1	0	0	0	0	4	0	2010	1	3	0	0	3	6	1	0	2011	4	4	0	0	8	5	4	0	2012	2	3	0	0	4	1	3	0	2013	1	3	0	2	7	4	3	0
Madrona Venture Group	122	2004	0	0	0	0	2	0	0	0	2005	0	4	0	0	3	3	2	0	2006	0	3	0	0	1	2	0	0	2007	1	1	0	0	4	1	5	0	2008	0	1	0	0	4	2	0	0	2009	0	0	0	0	4	8	1	0	2010	0	2	0	0	3	1	4	0	2011	2	3	0	0	5	8	2	0	2012	3	4	0	0	10	2	1	0	2013	1	1	0	2	10	3	3	0
Foundry Group	121	2007	0	0	0	0	1	0	0	0	2008	0	0	0	0	5	4	1	0	2009	2	2	0	0	6	3	1	0	2010	0	6	0	0	5	8	4	0	2011	3	6	0	0	7	2	2	0	2012	1	5	0	0	13	7	4	0	2013	0	0	1	0	11	8	3	0																											
Flybridge Capital Partners	120	2005	0	0	0	0	0	2	1	0	2006	0	1	0	0	3	4	1	0	2007	1	0	0	0	5	3	0	0	2008	0	1	0	0	4	1	5	0	2009	0	2	0	0	4	3	3	0	2010	0	3	0	0	4	5	4	0	2011	3	2	0	0	3	5	3	0	2012	1	3	0	0	6	2	9	0	2013	0	2	1	3	8	6	3	0									
CrunchFund	117	2010	0	0	0	0	1	0	0	0	2011	5	3	0	0	11	4	4	1	2012	11	4	0	0	25	0	7	0	2013	9	4	0	1	25	1	1	0																																																						
Globespan Capital Partners	116	2004	0	0	0	0	0	0	1	0	2005	0	1	0	0	3	2	7	0	2006	0	2	0	0	4	10	2	0	2007	0	2	0	0	2	5	7	0	2008	0	0	0	0	1	4	9	1	2009	0	1	0	0	3	3	5	0	2010	0	2	0	0	0	3	2	0	2011	0	2	0	0	2	2	4	0	2012	0	4	0	2	1	0	8	0	2013	0	0	0	0	3	2	4	0
Ron Conway	115	2005	4	0	0	0	5	1	0	0	2006	8	0	0	0	3	0	1	0	2007	4	1	0	0	11	0	0	0	2008	4	1	0	0	6	1	1	0	2009	6	3	0	0	14	2	0	0	2010	5	0	0	0	7	3	0	0	2011	4	0	0	0	8	1	2	0	2012	0	1	0	0	2	0	0	1	2013	2	0	0	0	3	0	0	0									
Silicon Valley Bank	113	2005	0	1	0	0	0	0	1	0	2006	0	0	0	0	0	1	1	0	2008	0	0	0	0	0	0	1	2	2009	0	1	0	0	0	0	0	5	2010	0	5	0	0	1	2	1	2	2011	0	15	0	1	0	3	1	9	2012	0	5	0	0	2	1	2	10	2013	0	6	0	1	4	4	3	22																		
August Capital	110	2004	0	0	0	0	1	1	0	0	2005	0	0	0	0	1	6	0	0	2006	0	1	0	0	1	3	8	0	2007	0	2	0	0	2	0	6	0	2008	0	1	0	0	3	0	4	0	2009	0	2	0	0	5	3	2	2	2010	0	1	0	0	4	4	1	0	2011	0	1	0	1	2	4	7	0	2012	0	5	0	2	2	3	6	0	2013	0	1	0	0	4	2	5	1
Bain Capital Ventures	110	2004	0	0	0	0	0	0	1	0	2005	0	0	0	1	3	2	0	0	2006	0	1	0	0	0	2	2	0	2007	0	1	0	0	1	4	5	0	2008	0	1	0	0	3	4	5	0	2009	0	1	0	0	1	1	4	0	2010	0	2	0	0	3	4	5	1	2011	0	3	0	0	4	5	4	0	2012	0	2	0	1	5	2	3	0	2013	0	2	0	2	10	5	4	0
DreamIt Ventures	108	2008	12	0	0	0	0	0	0	0	2009	10	1	0	0	0	0	0	0	2010	14	0	0	0	0	0	0	0	2011	29	1	0	0	0	0	0	0	2012	29	0	0	0	0	0	0	0	2013	10	1	0	0	1	0	0	0																																				
Sutter Hill Ventures	108	2005	0	1	0	0	0	2	1	0	2006	0	0	0	0	2	6	6	0	2007	0	3	0	0	0	5	4	0	2008	0	4	0	0	2	3	3	0	2009	0	2	0	0	1	1	7	0	2010	0	2	0	0	4	1	4	2	2011	0	3	0	0	2	2	9	0	2012	0	4	0	0	1	4	5	0	2013	0	1	0	0	2	3	6	0									
Pitango Venture Capital	105	2005	0	2	0	0	3	0	7	0	2006	0	3	0	0	4	2	3	0	2007	0	3	0	0	4	4	3	0	2008	0	2	0	0	3	5	4	0	2009	0	3	0	0	2	5	1	0	2010	0	1	0	0	0	0	4	0	2011	0	5	0	0	3	0	7	0	2012	0	2	0	0	2	1	5	0	2013	1	2	0	0	4	0	4	1									
Sierra Ventures	104	2005	0	1	0	0	3	2	4	0	2006	0	3	0	0	3	4	4	0	2007	0	3	0	0	1	5	7	0	2008	0	3	0	0	4	5	3	0	2009	0	3	0	0	0	0	4	0	2010	0	2	0	0	1	3	3	0	2011	2	0	0	0	3	2	1	0	2012	0	6	0	0	0	0	3	0	2013	1	4	0	0	6	2	3	0									
Trident Capital	101	2004	0	0	0	0	1	1	0	0	2005	0	2	0	0	2	6	1	0	2006	0	1	0	0	2	5	2	0	2007	0	2	0	0	5	3	8	0	2008	0	0	0	0	4	5	4	0	2009	0	2	0	0	1	0	3	0	2010	0	1	0	0	1	4	3	0	2011	0	2	0	0	0	3	5	0	2012	0	3	0	0	2	1	6	0	2013	0	4	0	0	0	0	6	0
BlueRun Ventures	101	2005	0	2	0	0	2	4	2	0	2006	0	2	0	0	2	5	4	0	2007	0	1	0	0	3	5	1	0	2008	0	3	0	0	7	5	6	0	2009	0	0	0	0	4	1	3	0	2010	0	2	0	0	5	3	1	0	2011	2	1	0	0	6	3	5	0	2012	3	1	0	0	3	0	2	0	2013	0	0	0	0	1	0	1	0									
Domain Associates	100	2005	0	2	0	0	0	2	0	0	2006	0	0	0	0	2	2	0	0	2007	0	1	0	0	0	2	2	0	2008	0	1	0	0	3	1	3	0	2009	0	0	0	1	1	4	5	0	2010	0	4	0	0	3	9	5	0	2011	0	1	0	0	1	3	1	0	2012	0	5	0	2	1	3	11	0	2013	0	5	0	2	0	5	7	0									
Bay Partners	99	2005	0	1	0	0	5	3	2	0	2006	0	2	0	0	0	13	5	0	2007	2	3	0	0	3	2	6	0	2008	0	3	0	0	4	5	9	0	2009	0	2	0	0	1	2	5	0	2010	0	2	0	0	0	3	4	0	2011	0	2	0	0	0	0	3	0	2012	0	1	0	0	0	1	2	0	2013	0	0	0	1	0	1	1	0									
Baseline Ventures	98	2006	1	0	0	0	0	0	0	0	2007	4	0	0	0	7	0	0	0	2008	2	0	0	0	4	3	0	0	2009	3	1	0	0	4	3	0	0	2010	5	0	0	0	4	2	1	0	2011	3	1	0	0	10	3	1	0	2012	3	1	0	0	10	4	2	0	2013	1	2	0	0	11	1	1	0																		
Flagship Ventures	97	2004	0	0	0	0	3	1	1	0	2005	0	3	0	0	1	3	3	0	2006	0	3	0	0	1	6	2	0	2007	0	0	0	0	2	2	7	0	2008	0	2	0	0	1	0	2	0	2009	0	1	0	0	4	2	8	0	2010	0	2	0	0	1	1	7	1	2011	0	2	0	0	1	1	2	0	2012	0	3	0	0	5	1	2	0	2013	0	0	0	2	5	1	2	0
3i Group	96	2004	0	1	0	0	1	3	1	0	2005	0	8	0	1	4	2	4	0	2006	0	5	0	0	4	4	9	0	2007	0	2	0	0	2	4	10	0	2008	0	3	0	0	0	3	10	0	2009	0	1	0	0	1	0	4	0	2010	0	0	0	0	0	0	1	0	2011	0	5	0	1	0	0	0	0	2013	0	0	0	2	0	0	0	0									
OrbiMed Advisors	96	2004	0	1	0	0	0	0	0	0	2005	0	1	0	0	0	0	2	0	2006	0	2	0	0	0	1	2	0	2007	0	3	0	0	0	2	3	0	2008	0	1	0	0	0	0	5	0	2009	0	0	0	0	2	2	3	0	2010	0	4	0	0	1	4	6	0	2011	0	5	0	0	2	3	3	0	2012	0	5	0	1	3	4	7	0	2013	0	3	0	1	4	3	6	1
Jafco Ventures	96	2005	0	0	0	0	1	2	3	0	2006	0	2	0	0	1	1	5	0	2007	0	0	0	0	1	2	12	0	2008	0	1	0	0	0	0	9	0	2009	0	1	0	0	0	6	5	1	2010	0	1	0	0	0	4	8	0	2011	0	1	0	0	1	3	8	0	2012	0	3	0	0	0	1	6	0	2013	0	1	0	0	1	1	4	0									
Enterprise Ireland	96	2004	0	0	0	0	1	0	0	0	2005	0	2	0	0	1	1	0	0	2006	0	1	0	0	2	0	0	0	2007	3	2	0	0	2	0	0	0	2008	0	3	0	0	4	0	0	0	2009	3	4	0	0	6	4	0	0	2010	3	4	0	0	1	0	0	0	2011	1	11	0	0	3	0	0	0	2012	7	6	0	0	1	0	0	0	2013	12	3	0	0	3	1	0	1
betaworks	96	2007	1	0	0	0	2	0	0	0	2008	7	0	0	0	7	0	0	0	2009	5	0	0	0	2	1	0	0	2010	9	0	0	0	8	2	0	1	2011	10	2	0	0	8	2	0	0	2012	10	2	0	0	7	0	0	0	2013	3	0	0	0	6	1	0	0																											
Scale Venture Partners	95	2004	0	1	0	0	0	1	0	0	2005	0	2	0	0	1	1	8	0	2006	0	2	0	0	3	2	2	0	2007	0	4	0	0	1	4	4	0	2008	0	2	0	0	1	1	0	0	2009	0	0	0	1	0	1	6	0	2010	0	4	0	0	1	1	5	0	2011	0	3	0	1	0	0	7	0	2012	0	6	0	1	0	2	5	0	2013	0	0	0	0	0	1	10	0
FirstMark Capital	95	2006	1	0	0	0	2	1	0	0	2007	0	0	0	0	4	1	0	0	2008	0	0	0	0	1	4	0	0	2009	1	2	0	0	0	1	2	0	2010	4	2	0	0	7	0	1	0	2011	1	0	0	0	11	4	4	0	2012	1	3	0	0	9	4	4	0	2013	0	0	0	0	10	5	5	0																		
Qualcomm Ventures	94	2005	0	1	0	0	0	1	2	0	2006	0	0	0	0	1	1	2	0	2007	0	1	0	0	0	2	4	0	2008	0	3	0	0	2	2	2	0	2009	0	1	0	1	0	0	3	0	2010	0	2	0	0	1	3	3	0	2011	1	3	0	0	5	1	2	0	2012	1	3	0	0	4	5	7	0	2013	2	4	0	0	8	3	7	0									
Rho Capital Partners	93	2005	0	2	0	0	2	2	4	0	2006	0	2	0	0	0	2	0	0	2007	0	1	0	0	5	3	5	0	2008	0	3	0	0	4	2	2	0	2009	0	5	0	0	0	2	5	0	2010	0	4	0	1	5	1	6	0	2011	0	1	0	1	2	6	7	0	2012	0	2	0	0	0	2	2	0	2013	0	1	0	0	0	1	0	0									
Scottish Equity Partners	92	2004	0	5	0	0	5	0	2	0	2005	0	4	0	0	1	1	2	0	2006	0	2	0	1	2	0	0	0	2007	0	3	0	0	4	3	4	0	2008	0	2	0	0	4	2	2	0	2009	0	1	0	0	1	3	4	0	2010	0	3	0	0	0	1	0	0	2011	0	5	0	0	0	2	0	0	2012	0	13	0	0	0	0	2	0	2013	0	3	0	1	2	0	2	0
Alloy Ventures	92	2004	0	0	0	0	1	0	0	0	2005	0	1	0	0	5	1	4	0	2006	1	5	0	0	2	2	4	0	2007	0	1	0	0	1	7	5	0	2008	0	5	0	0	2	2	7	0	2009	0	2	0	0	0	1	3	0	2010	0	3	0	0	2	0	7	0	2011	0	0	0	2	1	2	5	0	2012	0	1	0	0	0	0	1	0	2013	0	1	0	0	0	1	4	0
Advanced Technology Ventures	92	2004	0	0	0	0	0	1	0	0	2005	0	1	0	0	1	2	3	0	2006	0	1	0	0	5	4	1	0	2007	0	0	0	0	1	5	1	0	2008	0	0	0	0	3	3	6	0	2009	0	2	0	0	0	0	2	0	2010	0	3	0	0	3	1	6	1	2011	1	1	0	0	2	2	4	0	2012	0	5	0	0	3	0	6	0	2013	0	3	0	0	1	1	5	2
ARCH Venture Partners	92	2004	0	0	0	0	1	0	0	0	2005	0	1	0	0	2	3	1	0	2006	0	1	0	0	0	5	3	0	2007	0	1	0	0	3	1	2	0	2008	0	2	0	0	1	1	4	0	2009	0	1	0	0	3	3	3	0	2010	0	2	0	0	4	4	3	0	2011	0	2	0	0	2	5	4	0	2012	0	5	0	0	1	0	6	0	2013	0	3	0	1	4	3	1	0
